name,type,neighborhood,address,website,carries,custom_blends,verified,note,lat,lon,osm_id
Diptyque,boutique,SoHo-Little Italy-Hudson Square,31 Prince Street,https://stores.diptyqueparis.com/en_us/diptyque-prince,,no,no,,40.723069,-73.994779,node/2547067893
Fatima Perfume & Gift,shop,Midtown South-Flatiron-Union Square,43 West 30th Street,,,no,no,,40.747040,-73.988777,node/2703449308
INITIO Parfums Privés,boutique,Upper East Side-Carnegie Hill,784 Madison Avenue,https://initioparfums.com/,,no,no,,40.768405,-73.968086,node/2723858449
Jo Malone,boutique,Upper East Side-Carnegie Hill,946 Madison Avenue,https://www.jomalone.com/,,no,no,,40.773568,-73.964315,node/2723924802
Exotic Fragrances,shop,East Harlem (South),1645 Lexington Avenue,https://www.exoticfragrances.com,,no,no,,40.790789,-73.947176,node/2761772641
Le Labo,boutique,Financial District-Battery Park City,65D Wall Street,https://www.lelabofragrances.com,,no,no,,40.705768,-74.008566,node/2825052326
Fancy Perfumes,shop,Midtown-Times Square,,,,no,no,,40.755750,-73.990638,node/4913377716
Fragrance Shop New York,shop,East Village,,https://www.fragranceshopnewyork.com,,no,no,,40.726808,-73.990647,node/5240411222
Le Labo,boutique,SoHo-Little Italy-Hudson Square,233 Elizabeth Street,,,no,no,,40.723057,-73.994132,node/5801138853
Fueguia 1833,boutique,SoHo-Little Italy-Hudson Square,21 Crosby Street,,,no,no,,40.720296,-73.999866,node/5934969267
Aedes Perfumery,perfumery,Chinatown-Two Bridges,16A Orchard Street,https://www.aedes.com,,no,no,,40.715160,-73.991639,node/6207819521
Bond No. 9,boutique,Greenwich Village,9 Bond Street,https://www.bondno9.com/,,no,no,,40.726632,-73.994451,node/6276352275
Bond No. 9,boutique,West Village,39 Bleecker Street,https://www.bondno9.com,,no,no,,40.735816,-74.004977,node/6276386638
Bond No. 9,boutique,Upper East Side-Carnegie Hill,897 Madison Avenue,https://www.bondno9.com/,,no,no,,40.771947,-73.965116,node/6276402684
Bond No. 9,boutique,West Village,863 Washington Street,https://www.bondno9.com/,,no,no,,40.741172,-74.007124,node/6276408764
Penhaligon's,boutique,Midtown-Times Square,45 Rockefeller Plaza,,,no,no,,40.758517,-73.977903,node/6814924757
Manhattan Perfumes,shop,Midtown South-Flatiron-Union Square,1200 Broadway,https://perfumemanhattanworldwide.com,,no,no,,40.746172,-73.988374,node/7369844962
Dewan Fragrances,shop,Midtown South-Flatiron-Union Square,1220 Broadway,,,no,no,,40.746937,-73.988247,node/7369844971
Azmere USA Inc,shop,Midtown South-Flatiron-Union Square,1220 Broadway,,,no,no,,40.746985,-73.988239,node/7369844973
Osswald Parfumerie & Luxury Skincare Boutique,perfumery,SoHo-Little Italy-Hudson Square,311 West Broadway,https://osswaldnyc.com,,no,no,,40.721871,-74.003993,node/7440222000
Scent Bar NYC,perfumery,SoHo-Little Italy-Hudson Square,244 Elizabeth Street,https://www.luckyscent.com/scentbar/nyc,,no,no,,40.723390,-73.993746,node/7440242065
Hugo Beauty,shop,SoHo-Little Italy-Hudson Square,163B Hester Street,,,no,no,,40.717733,-73.996459,node/10289996857
The Naxos Apothecary,shop,SoHo-Little Italy-Hudson Square,,,,no,no,,40.723280,-73.994041,node/10689604903
Vinod Perfumes,shop,Midtown-Times Square,,,,no,no,,40.752122,-73.990034,node/11399352937
Trvdon,boutique,SoHo-Little Italy-Hudson Square,,,,no,no,,40.724169,-74.001361,node/11897283996
Santa Maria Novella,boutique,SoHo-Little Italy-Hudson Square,285 Lafayette Street,,santa-maria-novella,no,no,,40.724197,-73.995860,node/11943260742
Mizensir,boutique,SoHo-Little Italy-Hudson Square,,,,no,no,,40.722837,-73.994654,node/12496752015
Le Labo,boutique,Upper West Side-Lincoln Square,205 Columbus Avenue,,,no,no,,40.775636,-73.979863,node/12542794920
Commodity,boutique,SoHo-Little Italy-Hudson Square,113 Crosby Street,https://commodityfragrances.com/,,no,no,,40.724196,-73.996545,node/12588621974
Space240,shop,Murray Hill-Kips Bay,,,,no,no,,40.741739,-73.978673,node/13131424980
Le Labo,boutique,West Village,296 West 4th Street,https://lelabofragrances.com/,,no,no,,40.736685,-74.003774,node/13258132901
Diptyque,boutique,West Village,377 Bleecker Street,https://stores.diptyqueparis.com/,,no,no,,40.735055,-74.004673,node/13258135601
